account_number,service_address,current_bill_amount,previous_balance,current_balance,current_bill_date,current_read_date,previous_read_date,last_pay_date,last_pay_amount,balance_diff,penalty_date,created
11000367423,1210 E 33RD ST,124.96,0,124.96,Mon Dec 27 2021 00:00:00 GMT-0500 (Eastern Standard Time),Tue Dec 14 2021 00:00:00 GMT-0500 (Eastern Standard Time),Sat Nov 13 2021 00:00:00 GMT-0500 (Eastern Standard Time),Mon Dec 06 2021 00:00:00 GMT-0500 (Eastern Standard Time),-111.85,124.96,Sun Jan 16 2022 00:00:00 GMT-0500 (Eastern Standard Time),Thu Jan 13 2022 11:39:45 GMT-0500 (Eastern Standard Time)
11000233825,1210 GLENWOOD AVE,1775.37,1591.36,1775.37,Tue Dec 28 2021 00:00:00 GMT-0500 (Eastern Standard Time),Wed Dec 15 2021 00:00:00 GMT-0500 (Eastern Standard Time),Tue Nov 16 2021 00:00:00 GMT-0500 (Eastern Standard Time),Fri Sep 17 2021 00:00:00 GMT-0400 (Eastern Daylight Time),-346.75,184.01,Mon Jan 17 2022 00:00:00 GMT-0500 (Eastern Standard Time),Thu Jan 13 2022 11:39:47 GMT-0500 (Eastern Standard Time)
11000366805,1215 E NORTH AVE,255.98,249.48,255.98,Tue Jan 11 2022 00:00:00 GMT-0500 (Eastern Standard Time),Invalid Date,Invalid Date,Invalid Date,0,6.5,Mon Jan 31 2022 00:00:00 GMT-0500 (Eastern Standard Time),Thu Jan 13 2022 11:40:01 GMT-0500 (Eastern Standard Time)
11000155471,1214 WHITELOCK ST,282.2,277.87,282.2,Tue Jan 11 2022 00:00:00 GMT-0500 (Eastern Standard Time),Invalid Date,Invalid Date,Invalid Date,0,4.33,Mon Jan 31 2022 00:00:00 GMT-0500 (Eastern Standard Time),Thu Jan 13 2022 11:40:01 GMT-0500 (Eastern Standard Time)
11000217265,1229 W SARATOGA ST,1229.35,1191.72,1229.35,Tue Jan 11 2022 00:00:00 GMT-0500 (Eastern Standard Time),Thu Dec 30 2021 00:00:00 GMT-0500 (Eastern Standard Time),Tue Nov 30 2021 00:00:00 GMT-0500 (Eastern Standard Time),Fri Dec 10 2021 00:00:00 GMT-0500 (Eastern Standard Time),-22.42,37.63,Mon Jan 31 2022 00:00:00 GMT-0500 (Eastern Standard Time),Thu Jan 13 2022 11:40:02 GMT-0500 (Eastern Standard Time)
11000246810,1213 W LOMBARD ST,6785.91,6746.11,6785.91,Tue Jan 11 2022 00:00:00 GMT-0500 (Eastern Standard Time),Thu Dec 30 2021 00:00:00 GMT-0500 (Eastern Standard Time),Tue Nov 30 2021 00:00:00 GMT-0500 (Eastern Standard Time),Invalid Date,0,39.8,Mon Jan 31 2022 00:00:00 GMT-0500 (Eastern Standard Time),Thu Jan 13 2022 11:40:02 GMT-0500 (Eastern Standard Time)
11000331986,1212 N POTOMAC ST,2528.93,2491.3,2528.93,Wed Jan 05 2022 00:00:00 GMT-0500 (Eastern Standard Time),Sun Dec 26 2021 00:00:00 GMT-0500 (Eastern Standard Time),Fri Nov 26 2021 00:00:00 GMT-0500 (Eastern Standard Time),Mon Apr 23 2018 00:00:00 GMT-0400 (Eastern Daylight Time),-85,37.63,Tue Jan 25 2022 00:00:00 GMT-0500 (Eastern Standard Time),Thu Jan 13 2022 11:40:02 GMT-0500 (Eastern Standard Time)
11000152982,1212 MCCULLOH ST,1051.31,843.25,1051.31,Fri Jan 07 2022 00:00:00 GMT-0500 (Eastern Standard Time),Tue Dec 28 2021 00:00:00 GMT-0500 (Eastern Standard Time),Sun Nov 28 2021 00:00:00 GMT-0500 (Eastern Standard Time),Mon Nov 22 2021 00:00:00 GMT-0500 (Eastern Standard Time),-119.19,208.06,Thu Jan 27 2022 00:00:00 GMT-0500 (Eastern Standard Time),Thu Jan 13 2022 11:40:02 GMT-0500 (Eastern Standard Time)
11000366841,1222 E NORTH AVE,252.37,245.87,252.37,Wed Dec 22 2021 00:00:00 GMT-0500 (Eastern Standard Time),Invalid Date,Invalid Date,Invalid Date,0,6.5,Tue Jan 11 2022 00:00:00 GMT-0500 (Eastern Standard Time),Thu Jan 13 2022 11:40:02 GMT-0500 (Eastern Standard Time)
11000234286,1214 HARWOOD AVE,503.54,467.77,664.64,Tue Dec 28 2021 00:00:00 GMT-0500 (Eastern Standard Time),Thu Dec 16 2021 00:00:00 GMT-0500 (Eastern Standard Time),Tue Nov 16 2021 00:00:00 GMT-0500 (Eastern Standard Time),Mon Dec 27 2021 00:00:00 GMT-0500 (Eastern Standard Time),-363,196.87,Mon Jan 17 2022 00:00:00 GMT-0500 (Eastern Standard Time),Thu Jan 13 2022 11:40:03 GMT-0500 (Eastern Standard Time)
11000331911,1211 N ELLWOOD AVE,2937.11,2818.65,2937.11,Wed Jan 05 2022 00:00:00 GMT-0500 (Eastern Standard Time),Sun Dec 26 2021 00:00:00 GMT-0500 (Eastern Standard Time),Fri Nov 26 2021 00:00:00 GMT-0500 (Eastern Standard Time),Thu Oct 03 2019 00:00:00 GMT-0400 (Eastern Daylight Time),-596.9,118.46,Tue Jan 25 2022 00:00:00 GMT-0500 (Eastern Standard Time),Thu Jan 13 2022 11:40:10 GMT-0500 (Eastern Standard Time)
11000453666,1215 W FAIRMOUNT AVE,13,6.5,13,Fri Jan 07 2022 00:00:00 GMT-0500 (Eastern Standard Time),Invalid Date,Invalid Date,Tue Nov 23 2021 00:00:00 GMT-0500 (Eastern Standard Time),-6.5,6.5,Thu Jan 27 2022 00:00:00 GMT-0500 (Eastern Standard Time),Thu Jan 13 2022 11:40:10 GMT-0500 (Eastern Standard Time)
11000217233,1211 EDMONDSON AVE,327.64,321.14,327.64,Tue Jan 11 2022 00:00:00 GMT-0500 (Eastern Standard Time),Invalid Date,Invalid Date,Invalid Date,0,6.5,Mon Jan 31 2022 00:00:00 GMT-0500 (Eastern Standard Time),Thu Jan 13 2022 11:40:15 GMT-0500 (Eastern Standard Time)
11000337523,1213 S CLINTON ST,39.8,0,39.8,Mon Jan 03 2022 00:00:00 GMT-0500 (Eastern Standard Time),Wed Dec 22 2021 00:00:00 GMT-0500 (Eastern Standard Time),Mon Nov 22 2021 00:00:00 GMT-0500 (Eastern Standard Time),Wed Dec 29 2021 00:00:00 GMT-0500 (Eastern Standard Time),-39.8,39.8,Sun Jan 23 2022 00:00:00 GMT-0500 (Eastern Standard Time),Thu Jan 13 2022 11:40:16 GMT-0500 (Eastern Standard Time)
11000331702,1220 N MILTON AVE,1313.81,1307.31,1313.81,Mon Dec 27 2021 00:00:00 GMT-0500 (Eastern Standard Time),Invalid Date,Invalid Date,Mon Jun 27 2016 00:00:00 GMT-0400 (Eastern Daylight Time),-143.05,6.5,Sun Jan 16 2022 00:00:00 GMT-0500 (Eastern Standard Time),Thu Jan 13 2022 11:40:16 GMT-0500 (Eastern Standard Time)
11000185939,1210 N SPRING ST,1791.1,1753.47,1791.1,Wed Jan 05 2022 00:00:00 GMT-0500 (Eastern Standard Time),Sat Dec 25 2021 00:00:00 GMT-0500 (Eastern Standard Time),Fri Nov 26 2021 00:00:00 GMT-0500 (Eastern Standard Time),Wed Jan 17 2018 00:00:00 GMT-0500 (Eastern Standard Time),-292.55,37.63,Tue Jan 25 2022 00:00:00 GMT-0500 (Eastern Standard Time),Thu Jan 13 2022 11:40:16 GMT-0500 (Eastern Standard Time)
11000186557,1219 GREENMOUNT AVE,658.74,604.79,658.74,Wed Jan 05 2022 00:00:00 GMT-0500 (Eastern Standard Time),Sun Dec 26 2021 00:00:00 GMT-0500 (Eastern Standard Time),Fri Nov 26 2021 00:00:00 GMT-0500 (Eastern Standard Time),Fri Jul 09 2021 00:00:00 GMT-0400 (Eastern Daylight Time),-826.16,53.95,Tue Jan 25 2022 00:00:00 GMT-0500 (Eastern Standard Time),Thu Jan 13 2022 11:40:16 GMT-0500 (Eastern Standard Time)
11000217232,1213 EDMONDSON AVE,4633.44,4598.64,4633.44,Wed Dec 22 2021 00:00:00 GMT-0500 (Eastern Standard Time),Invalid Date,Invalid Date,Invalid Date,0,34.8,Tue Jan 11 2022 00:00:00 GMT-0500 (Eastern Standard Time),Thu Jan 13 2022 11:40:16 GMT-0500 (Eastern Standard Time)
11000249534,1217 GLYNDON AVE,-134.11,-171.74,-134.11,Tue Jan 11 2022 00:00:00 GMT-0500 (Eastern Standard Time),Thu Dec 30 2021 00:00:00 GMT-0500 (Eastern Standard Time),Tue Nov 30 2021 00:00:00 GMT-0500 (Eastern Standard Time),Wed Dec 15 2021 00:00:00 GMT-0500 (Eastern Standard Time),-615.59,37.63,Mon Jan 31 2022 00:00:00 GMT-0500 (Eastern Standard Time),Thu Jan 13 2022 11:40:27 GMT-0500 (Eastern Standard Time)
11000218077,1228 W LAFAYETTE AVE,815.67,717.39,815.67,Fri Jan 07 2022 00:00:00 GMT-0500 (Eastern Standard Time),Tue Dec 28 2021 00:00:00 GMT-0500 (Eastern Standard Time),Sat Nov 27 2021 00:00:00 GMT-0500 (Eastern Standard Time),Tue Sep 21 2021 00:00:00 GMT-0400 (Eastern Daylight Time),-500,98.28,Thu Jan 27 2022 00:00:00 GMT-0500 (Eastern Standard Time),Thu Jan 13 2022 11:40:32 GMT-0500 (Eastern Standard Time)
11000359687,1217 W LANVALE ST,1463.34,1423.54,1463.34,Fri Jan 07 2022 00:00:00 GMT-0500 (Eastern Standard Time),Tue Dec 28 2021 00:00:00 GMT-0500 (Eastern Standard Time),Sun Nov 28 2021 00:00:00 GMT-0500 (Eastern Standard Time),Wed Aug 01 2018 00:00:00 GMT-0400 (Eastern Daylight Time),-29.94,39.8,Thu Jan 27 2022 00:00:00 GMT-0500 (Eastern Standard Time),Thu Jan 13 2022 11:40:32 GMT-0500 (Eastern Standard Time)
11000375822,1230 MCCULLOH ST,107.9,53.95,107.9,Fri Jan 07 2022 00:00:00 GMT-0500 (Eastern Standard Time),Tue Dec 28 2021 00:00:00 GMT-0500 (Eastern Standard Time),Sun Nov 28 2021 00:00:00 GMT-0500 (Eastern Standard Time),Fri Dec 17 2021 00:00:00 GMT-0500 (Eastern Standard Time),-53.95,53.95,Thu Jan 27 2022 00:00:00 GMT-0500 (Eastern Standard Time),Thu Jan 13 2022 11:40:32 GMT-0500 (Eastern Standard Time)
11000233749,1227 WOODBOURNE AVE,393.6,314.47,393.6,Tue Dec 28 2021 00:00:00 GMT-0500 (Eastern Standard Time),Thu Dec 16 2021 00:00:00 GMT-0500 (Eastern Standard Time),Tue Nov 16 2021 00:00:00 GMT-0500 (Eastern Standard Time),Fri Jul 02 2021 00:00:00 GMT-0400 (Eastern Daylight Time),-121.56,79.13,Mon Jan 17 2022 00:00:00 GMT-0500 (Eastern Standard Time),Thu Jan 13 2022 11:40:32 GMT-0500 (Eastern Standard Time)
11000218107,1208 HARLEM AVE,610.81,604.31,610.81,Fri Jan 07 2022 00:00:00 GMT-0500 (Eastern Standard Time),Invalid Date,Invalid Date,Invalid Date,0,6.5,Thu Jan 27 2022 00:00:00 GMT-0500 (Eastern Standard Time),Thu Jan 13 2022 11:40:32 GMT-0500 (Eastern Standard Time)
11000331744,1210 N CURLEY ST,3763.42,3710.51,3763.42,Wed Jan 05 2022 00:00:00 GMT-0500 (Eastern Standard Time),Sun Dec 26 2021 00:00:00 GMT-0500 (Eastern Standard Time),Fri Nov 26 2021 00:00:00 GMT-0500 (Eastern Standard Time),Mon Apr 06 2020 00:00:00 GMT-0400 (Eastern Daylight Time),-200,52.91,Tue Jan 25 2022 00:00:00 GMT-0500 (Eastern Standard Time),Thu Jan 13 2022 11:40:32 GMT-0500 (Eastern Standard Time)
11000212904,1219 HOLLINS ST,101.78,97.45,101.78,Tue Jan 11 2022 00:00:00 GMT-0500 (Eastern Standard Time),Invalid Date,Invalid Date,Wed Dec 04 2019 00:00:00 GMT-0500 (Eastern Standard Time),-3.44,4.33,Mon Jan 31 2022 00:00:00 GMT-0500 (Eastern Standard Time),Thu Jan 13 2022 11:40:32 GMT-0500 (Eastern Standard Time)
11000331021,1222 N PATTERSON PARK AVE,935.99,935.99,-8.02,Invalid Date,Invalid Date,Invalid Date,Mon Nov 17 2008 00:00:00 GMT-0500 (Eastern Standard Time),-168.32,-944.01,Invalid Date,Thu Jan 13 2022 11:40:33 GMT-0500 (Eastern Standard Time)
11000331972,1229 N POTOMAC ST,39.8,0,39.8,Wed Jan 05 2022 00:00:00 GMT-0500 (Eastern Standard Time),Sun Dec 26 2021 00:00:00 GMT-0500 (Eastern Standard Time),Fri Nov 26 2021 00:00:00 GMT-0500 (Eastern Standard Time),Tue Dec 21 2021 00:00:00 GMT-0500 (Eastern Standard Time),-79.6,39.8,Tue Jan 25 2022 00:00:00 GMT-0500 (Eastern Standard Time),Thu Jan 13 2022 11:40:33 GMT-0500 (Eastern Standard Time)
11000225751,1213 POPLAR GROVE ST,309.01,250.06,309.01,Thu Dec 16 2021 00:00:00 GMT-0500 (Eastern Standard Time),Mon Dec 06 2021 00:00:00 GMT-0500 (Eastern Standard Time),Sat Nov 06 2021 00:00:00 GMT-0400 (Eastern Daylight Time),Fri Oct 08 2021 00:00:00 GMT-0400 (Eastern Daylight Time),-430,58.95,Wed Jan 05 2022 00:00:00 GMT-0500 (Eastern Standard Time),Thu Jan 13 2022 11:40:33 GMT-0500 (Eastern Standard Time)
11000331991,1224 N POTOMAC ST,287.51,223.66,2307.14,Wed Jan 05 2022 00:00:00 GMT-0500 (Eastern Standard Time),Sun Dec 26 2021 00:00:00 GMT-0500 (Eastern Standard Time),Fri Nov 26 2021 00:00:00 GMT-0500 (Eastern Standard Time),Fri Dec 10 2021 00:00:00 GMT-0500 (Eastern Standard Time),-315,2083.48,Tue Jan 25 2022 00:00:00 GMT-0500 (Eastern Standard Time),Thu Jan 13 2022 11:40:33 GMT-0500 (Eastern Standard Time)
11000250858,1219 CLEVELAND ST,10003.56,9570.46,10003.56,Tue Jan 11 2022 00:00:00 GMT-0500 (Eastern Standard Time),Thu Dec 30 2021 00:00:00 GMT-0500 (Eastern Standard Time),Tue Nov 30 2021 00:00:00 GMT-0500 (Eastern Standard Time),Mon May 01 2017 00:00:00 GMT-0400 (Eastern Daylight Time),-704.21,433.1,Mon Jan 31 2022 00:00:00 GMT-0500 (Eastern Standard Time),Thu Jan 13 2022 11:40:33 GMT-0500 (Eastern Standard Time)
11000359680,1222 W LANVALE ST,4449.28,4343.93,4449.28,Fri Jan 07 2022 00:00:00 GMT-0500 (Eastern Standard Time),Tue Dec 28 2021 00:00:00 GMT-0500 (Eastern Standard Time),Sun Nov 28 2021 00:00:00 GMT-0500 (Eastern Standard Time),Thu Aug 02 2018 00:00:00 GMT-0400 (Eastern Daylight Time),332.76,105.35,Thu Jan 27 2022 00:00:00 GMT-0500 (Eastern Standard Time),Thu Jan 13 2022 11:40:33 GMT-0500 (Eastern Standard Time)
11000213732,1230 W LOMBARD ST,1289.46,1230.51,1289.46,Tue Jan 11 2022 00:00:00 GMT-0500 (Eastern Standard Time),Thu Dec 30 2021 00:00:00 GMT-0500 (Eastern Standard Time),Tue Nov 30 2021 00:00:00 GMT-0500 (Eastern Standard Time),Mon Feb 10 2020 00:00:00 GMT-0500 (Eastern Standard Time),-100,58.95,Mon Jan 31 2022 00:00:00 GMT-0500 (Eastern Standard Time),Thu Jan 13 2022 11:41:01 GMT-0500 (Eastern Standard Time)
11000322790,1213 MORLING AVE,80.62,74.12,80.62,Tue Jan 11 2022 00:00:00 GMT-0500 (Eastern Standard Time),Invalid Date,Invalid Date,Tue Jan 12 2021 00:00:00 GMT-0500 (Eastern Standard Time),-17.31,6.5,Mon Jan 31 2022 00:00:00 GMT-0500 (Eastern Standard Time),Thu Jan 13 2022 11:41:01 GMT-0500 (Eastern Standard Time)
11000452909,1211 MORLING AVE,50.54,44.04,50.54,Wed Dec 22 2021 00:00:00 GMT-0500 (Eastern Standard Time),Invalid Date,Invalid Date,Fri May 07 2021 00:00:00 GMT-0400 (Eastern Daylight Time),-29.75,6.5,Tue Jan 11 2022 00:00:00 GMT-0500 (Eastern Standard Time),Thu Jan 13 2022 11:41:01 GMT-0500 (Eastern Standard Time)
11000225758,1227 POPLAR GROVE ST,10635.32,10607.02,10635.32,Thu Dec 16 2021 00:00:00 GMT-0500 (Eastern Standard Time),Mon Dec 06 2021 00:00:00 GMT-0500 (Eastern Standard Time),Sat Nov 06 2021 00:00:00 GMT-0400 (Eastern Daylight Time),Thu Sep 28 2017 00:00:00 GMT-0400 (Eastern Daylight Time),-25,28.3,Wed Jan 05 2022 00:00:00 GMT-0500 (Eastern Standard Time),Thu Jan 13 2022 11:41:01 GMT-0500 (Eastern Standard Time)
11000377604,1226 S CLINTON ST,30194.7,29877.64,30194.7,Mon Jan 03 2022 00:00:00 GMT-0500 (Eastern Standard Time),Wed Dec 22 2021 00:00:00 GMT-0500 (Eastern Standard Time),Mon Nov 22 2021 00:00:00 GMT-0500 (Eastern Standard Time),Wed Nov 03 2021 00:00:00 GMT-0400 (Eastern Daylight Time),-350,317.06,Sun Jan 23 2022 00:00:00 GMT-0500 (Eastern Standard Time),Thu Jan 13 2022 11:41:01 GMT-0500 (Eastern Standard Time)
11000331703,1218 N MILTON AVE,610.5,604,610.5,Tue Jan 11 2022 00:00:00 GMT-0500 (Eastern Standard Time),Invalid Date,Invalid Date,Invalid Date,0,6.5,Mon Jan 31 2022 00:00:00 GMT-0500 (Eastern Standard Time),Thu Jan 13 2022 11:41:01 GMT-0500 (Eastern Standard Time)
11000262344,1215 OAKHURST PL,1779.22,1686.98,1749.22,Thu Dec 16 2021 00:00:00 GMT-0500 (Eastern Standard Time),Mon Dec 06 2021 00:00:00 GMT-0500 (Eastern Standard Time),Sat Nov 06 2021 00:00:00 GMT-0400 (Eastern Daylight Time),Wed Dec 15 2021 00:00:00 GMT-0500 (Eastern Standard Time),-30,62.24,Wed Jan 05 2022 00:00:00 GMT-0500 (Eastern Standard Time),Thu Jan 13 2022 11:41:01 GMT-0500 (Eastern Standard Time)
11000418240,1213 E PATAPSCO AVE,1285.09,1252.46,1285.09,Mon Dec 20 2021 00:00:00 GMT-0500 (Eastern Standard Time),Invalid Date,Invalid Date,Fri Jun 08 2018 00:00:00 GMT-0400 (Eastern Daylight Time),-589.1,32.63,Sun Jan 09 2022 00:00:00 GMT-0500 (Eastern Standard Time),Thu Jan 13 2022 11:41:01 GMT-0500 (Eastern Standard Time)
11000186969,1210 ENSOR ST,180.17,175.84,180.17,Tue Dec 28 2021 00:00:00 GMT-0500 (Eastern Standard Time),Invalid Date,Invalid Date,Invalid Date,0,4.33,Mon Jan 17 2022 00:00:00 GMT-0500 (Eastern Standard Time),Thu Jan 13 2022 11:41:01 GMT-0500 (Eastern Standard Time)
11000381555,1223 E OLIVER ST,1467.78,1427.98,1467.78,Wed Jan 05 2022 00:00:00 GMT-0500 (Eastern Standard Time),Sun Dec 26 2021 00:00:00 GMT-0500 (Eastern Standard Time),Fri Nov 26 2021 00:00:00 GMT-0500 (Eastern Standard Time),Thu Jan 10 2019 00:00:00 GMT-0500 (Eastern Standard Time),-51.61,39.8,Tue Jan 25 2022 00:00:00 GMT-0500 (Eastern Standard Time),Thu Jan 13 2022 11:41:01 GMT-0500 (Eastern Standard Time)
11000374132,1216 N EDEN ST,605.95,599.45,605.95,Mon Jan 03 2022 00:00:00 GMT-0500 (Eastern Standard Time),Invalid Date,Invalid Date,Invalid Date,0,6.5,Sun Jan 23 2022 00:00:00 GMT-0500 (Eastern Standard Time),Thu Jan 13 2022 11:41:01 GMT-0500 (Eastern Standard Time)
11000247298,1225 W CROSS ST,105.35,0,105.35,Tue Jan 11 2022 00:00:00 GMT-0500 (Eastern Standard Time),Thu Dec 30 2021 00:00:00 GMT-0500 (Eastern Standard Time),Tue Nov 30 2021 00:00:00 GMT-0500 (Eastern Standard Time),Tue Dec 14 2021 00:00:00 GMT-0500 (Eastern Standard Time),-92.24,105.35,Mon Jan 31 2022 00:00:00 GMT-0500 (Eastern Standard Time),Thu Jan 13 2022 11:41:01 GMT-0500 (Eastern Standard Time)
11000234250,1212 COCHRAN AVE,159.2,119.4,159.2,Tue Dec 28 2021 00:00:00 GMT-0500 (Eastern Standard Time),Thu Dec 16 2021 00:00:00 GMT-0500 (Eastern Standard Time),Tue Nov 16 2021 00:00:00 GMT-0500 (Eastern Standard Time),Wed Sep 29 2021 00:00:00 GMT-0400 (Eastern Daylight Time),-78.19,39.8,Mon Jan 17 2022 00:00:00 GMT-0500 (Eastern Standard Time),Thu Jan 13 2022 11:41:01 GMT-0500 (Eastern Standard Time)
11000247161,1229 SCOTT ST,105.35,0,105.35,Tue Jan 11 2022 00:00:00 GMT-0500 (Eastern Standard Time),Wed Dec 29 2021 00:00:00 GMT-0500 (Eastern Standard Time),Mon Nov 29 2021 00:00:00 GMT-0500 (Eastern Standard Time),Mon Dec 13 2021 00:00:00 GMT-0500 (Eastern Standard Time),-118.46,105.35,Mon Jan 31 2022 00:00:00 GMT-0500 (Eastern Standard Time),Thu Jan 13 2022 11:41:01 GMT-0500 (Eastern Standard Time)
11000155524,1218 W NORTH AVE,1178.36,1124.41,1178.36,Fri Jan 07 2022 00:00:00 GMT-0500 (Eastern Standard Time),Tue Dec 28 2021 00:00:00 GMT-0500 (Eastern Standard Time),Sun Nov 28 2021 00:00:00 GMT-0500 (Eastern Standard Time),Fri Aug 21 2020 00:00:00 GMT-0400 (Eastern Daylight Time),-300,53.95,Thu Jan 27 2022 00:00:00 GMT-0500 (Eastern Standard Time),Thu Jan 13 2022 11:41:01 GMT-0500 (Eastern Standard Time)
11000285841,1229 E LANVALE ST,14609.94,14570.14,14609.94,Wed Jan 05 2022 00:00:00 GMT-0500 (Eastern Standard Time),Sun Dec 26 2021 00:00:00 GMT-0500 (Eastern Standard Time),Fri Nov 26 2021 00:00:00 GMT-0500 (Eastern Standard Time),Invalid Date,0,39.8,Tue Jan 25 2022 00:00:00 GMT-0500 (Eastern Standard Time),Thu Jan 13 2022 11:41:01 GMT-0500 (Eastern Standard Time)
11000250713,1214 WASHINGTON BLVD,90.07,0,90.07,Tue Jan 11 2022 00:00:00 GMT-0500 (Eastern Standard Time),Thu Dec 30 2021 00:00:00 GMT-0500 (Eastern Standard Time),Tue Nov 30 2021 00:00:00 GMT-0500 (Eastern Standard Time),Thu Dec 16 2021 00:00:00 GMT-0500 (Eastern Standard Time),-76.96,90.07,Mon Jan 31 2022 00:00:00 GMT-0500 (Eastern Standard Time),Thu Jan 13 2022 11:41:01 GMT-0500 (Eastern Standard Time)
11000380700,1223 HOLLINS ST,79.6,39.8,79.6,Tue Jan 11 2022 00:00:00 GMT-0500 (Eastern Standard Time),Thu Dec 30 2021 00:00:00 GMT-0500 (Eastern Standard Time),Tue Nov 30 2021 00:00:00 GMT-0500 (Eastern Standard Time),Wed Dec 01 2021 00:00:00 GMT-0500 (Eastern Standard Time),-39.8,39.8,Mon Jan 31 2022 00:00:00 GMT-0500 (Eastern Standard Time),Thu Jan 13 2022 11:41:01 GMT-0500 (Eastern Standard Time)
11000203279,1228 S CHARLES ST,524,406.11,524,Wed Jan 12 2022 00:00:00 GMT-0500 (Eastern Standard Time),Sun Jan 02 2022 00:00:00 GMT-0500 (Eastern Standard Time),Thu Dec 02 2021 00:00:00 GMT-0500 (Eastern Standard Time),Tue Oct 12 2021 00:00:00 GMT-0400 (Eastern Daylight Time),-491.94,117.89,Tue Feb 01 2022 00:00:00 GMT-0500 (Eastern Standard Time),Thu Jan 13 2022 11:41:01 GMT-0500 (Eastern Standard Time)
11000331023,1226 N PATTERSON PARK AVE,79.6,39.8,79.6,Wed Jan 05 2022 00:00:00 GMT-0500 (Eastern Standard Time),Sun Dec 26 2021 00:00:00 GMT-0500 (Eastern Standard Time),Fri Nov 26 2021 00:00:00 GMT-0500 (Eastern Standard Time),Tue Dec 07 2021 00:00:00 GMT-0500 (Eastern Standard Time),-39.8,39.8,Tue Jan 25 2022 00:00:00 GMT-0500 (Eastern Standard Time),Thu Jan 13 2022 11:41:01 GMT-0500 (Eastern Standard Time)
11000250383,1218 GLYNDON AVE,75.26,37.63,37.63,Tue Jan 11 2022 00:00:00 GMT-0500 (Eastern Standard Time),Thu Dec 30 2021 00:00:00 GMT-0500 (Eastern Standard Time),Tue Nov 30 2021 00:00:00 GMT-0500 (Eastern Standard Time),Tue Jan 11 2022 00:00:00 GMT-0500 (Eastern Standard Time),-37.63,0,Mon Jan 31 2022 00:00:00 GMT-0500 (Eastern Standard Time),Thu Jan 13 2022 11:41:01 GMT-0500 (Eastern Standard Time)
11000331962,1228 N DECKER AVE,202.96,139.11,63.85,Wed Jan 05 2022 00:00:00 GMT-0500 (Eastern Standard Time),Sun Dec 26 2021 00:00:00 GMT-0500 (Eastern Standard Time),Fri Nov 26 2021 00:00:00 GMT-0500 (Eastern Standard Time),Tue Jan 04 2022 00:00:00 GMT-0500 (Eastern Standard Time),-139.11,-75.26,Tue Jan 25 2022 00:00:00 GMT-0500 (Eastern Standard Time),Thu Jan 13 2022 11:41:01 GMT-0500 (Eastern Standard Time)
11000155523,1216 W NORTH AVE,-88.89,-142.84,-88.89,Fri Jan 07 2022 00:00:00 GMT-0500 (Eastern Standard Time),Tue Dec 28 2021 00:00:00 GMT-0500 (Eastern Standard Time),Sun Nov 28 2021 00:00:00 GMT-0500 (Eastern Standard Time),Mon Oct 25 2021 00:00:00 GMT-0400 (Eastern Daylight Time),-0.74,53.95,Thu Jan 27 2022 00:00:00 GMT-0500 (Eastern Standard Time),Thu Jan 13 2022 11:41:01 GMT-0500 (Eastern Standard Time)
11000213859,1219 W LOMBARD ST,1161.88,1091.99,1161.88,Tue Jan 11 2022 00:00:00 GMT-0500 (Eastern Standard Time),Thu Dec 30 2021 00:00:00 GMT-0500 (Eastern Standard Time),Tue Nov 30 2021 00:00:00 GMT-0500 (Eastern Standard Time),Thu Jul 02 2020 00:00:00 GMT-0400 (Eastern Daylight Time),-1043.63,69.89,Mon Jan 31 2022 00:00:00 GMT-0500 (Eastern Standard Time),Thu Jan 13 2022 11:41:01 GMT-0500 (Eastern Standard Time)
11000331929,1220 N ELLWOOD AVE,261.07,202.88,58.19,Wed Jan 05 2022 00:00:00 GMT-0500 (Eastern Standard Time),Sun Dec 26 2021 00:00:00 GMT-0500 (Eastern Standard Time),Fri Nov 26 2021 00:00:00 GMT-0500 (Eastern Standard Time),Thu Jan 06 2022 00:00:00 GMT-0500 (Eastern Standard Time),-202.88,-144.69,Tue Jan 25 2022 00:00:00 GMT-0500 (Eastern Standard Time),Thu Jan 13 2022 11:41:01 GMT-0500 (Eastern Standard Time)
11000367444,1229 N PATTERSON PARK AVE,167.37,163.04,167.37,Fri Jan 07 2022 00:00:00 GMT-0500 (Eastern Standard Time),Invalid Date,Invalid Date,Invalid Date,0,4.33,Thu Jan 27 2022 00:00:00 GMT-0500 (Eastern Standard Time),Thu Jan 13 2022 11:41:01 GMT-0500 (Eastern Standard Time)
11000409371,1225 N PARRISH ST,671.03,575.48,671.03,Tue Jan 11 2022 00:00:00 GMT-0500 (Eastern Standard Time),Thu Dec 30 2021 00:00:00 GMT-0500 (Eastern Standard Time),Tue Nov 30 2021 00:00:00 GMT-0500 (Eastern Standard Time),Tue Dec 21 2021 00:00:00 GMT-0500 (Eastern Standard Time),-50,95.55,Mon Jan 31 2022 00:00:00 GMT-0500 (Eastern Standard Time),Thu Jan 13 2022 11:41:01 GMT-0500 (Eastern Standard Time)
11000233745,1219 WOODBOURNE AVE,1405.34,1377.04,1405.34,Tue Dec 28 2021 00:00:00 GMT-0500 (Eastern Standard Time),Thu Dec 16 2021 00:00:00 GMT-0500 (Eastern Standard Time),Tue Nov 16 2021 00:00:00 GMT-0500 (Eastern Standard Time),Fri Jun 08 2018 00:00:00 GMT-0400 (Eastern Daylight Time),-2474.94,28.3,Mon Jan 17 2022 00:00:00 GMT-0500 (Eastern Standard Time),Thu Jan 13 2022 11:41:01 GMT-0500 (Eastern Standard Time)
11000250381,1222 GLYNDON AVE,73.31,35.68,73.31,Tue Jan 11 2022 00:00:00 GMT-0500 (Eastern Standard Time),Thu Dec 30 2021 00:00:00 GMT-0500 (Eastern Standard Time),Tue Nov 30 2021 00:00:00 GMT-0500 (Eastern Standard Time),Wed Dec 15 2021 00:00:00 GMT-0500 (Eastern Standard Time),-396.29,37.63,Mon Jan 31 2022 00:00:00 GMT-0500 (Eastern Standard Time),Thu Jan 13 2022 11:41:01 GMT-0500 (Eastern Standard Time)
11000383816,1209 N PATTERSON PARK AVE,168.78,164.45,168.78,Fri Jan 07 2022 00:00:00 GMT-0500 (Eastern Standard Time),Invalid Date,Invalid Date,Invalid Date,0,4.33,Thu Jan 27 2022 00:00:00 GMT-0500 (Eastern Standard Time),Thu Jan 13 2022 11:41:01 GMT-0500 (Eastern Standard Time)
11000206610,1230 E FORT AVE,13543.79,13478.34,13543.79,Wed Jan 12 2022 00:00:00 GMT-0500 (Eastern Standard Time),Sun Jan 02 2022 00:00:00 GMT-0500 (Eastern Standard Time),Thu Dec 02 2021 00:00:00 GMT-0500 (Eastern Standard Time),Wed Oct 21 2020 00:00:00 GMT-0400 (Eastern Daylight Time),-500,65.45,Tue Feb 01 2022 00:00:00 GMT-0500 (Eastern Standard Time),Thu Jan 13 2022 11:41:01 GMT-0500 (Eastern Standard Time)
11000322789,1215 MORLING AVE,56.82,50.32,56.82,Tue Jan 11 2022 00:00:00 GMT-0500 (Eastern Standard Time),Invalid Date,Invalid Date,Fri May 07 2021 00:00:00 GMT-0400 (Eastern Daylight Time),-23.8,6.5,Mon Jan 31 2022 00:00:00 GMT-0500 (Eastern Standard Time),Thu Jan 13 2022 11:41:01 GMT-0500 (Eastern Standard Time)
11000188133,1223 ENSOR ST,254.17,247.67,254.17,Fri Jan 07 2022 00:00:00 GMT-0500 (Eastern Standard Time),Invalid Date,Invalid Date,Invalid Date,0,6.5,Thu Jan 27 2022 00:00:00 GMT-0500 (Eastern Standard Time),Thu Jan 13 2022 11:41:01 GMT-0500 (Eastern Standard Time)
11000331960,1224 N DECKER AVE,186.31,146.51,186.31,Wed Jan 05 2022 00:00:00 GMT-0500 (Eastern Standard Time),Sun Dec 26 2021 00:00:00 GMT-0500 (Eastern Standard Time),Fri Nov 26 2021 00:00:00 GMT-0500 (Eastern Standard Time),Tue Nov 23 2021 00:00:00 GMT-0500 (Eastern Standard Time),-1539.75,39.8,Tue Jan 25 2022 00:00:00 GMT-0500 (Eastern Standard Time),Thu Jan 13 2022 11:41:03 GMT-0500 (Eastern Standard Time)
11000190322,1216 N CURLEY ST,1518.44,1467.7,1518.44,Wed Jan 05 2022 00:00:00 GMT-0500 (Eastern Standard Time),Sun Dec 26 2021 00:00:00 GMT-0500 (Eastern Standard Time),Fri Nov 26 2021 00:00:00 GMT-0500 (Eastern Standard Time),Thu Apr 12 2018 00:00:00 GMT-0400 (Eastern Daylight Time),-878.32,50.74,Tue Jan 25 2022 00:00:00 GMT-0500 (Eastern Standard Time),Thu Jan 13 2022 11:41:03 GMT-0500 (Eastern Standard Time)
11000246963,1224 W CROSS ST,92.24,0,92.24,Tue Jan 11 2022 00:00:00 GMT-0500 (Eastern Standard Time),Thu Dec 30 2021 00:00:00 GMT-0500 (Eastern Standard Time),Tue Nov 30 2021 00:00:00 GMT-0500 (Eastern Standard Time),Tue Jan 04 2022 00:00:00 GMT-0500 (Eastern Standard Time),-118.46,92.24,Mon Jan 31 2022 00:00:00 GMT-0500 (Eastern Standard Time),Thu Jan 13 2022 11:41:14 GMT-0500 (Eastern Standard Time)
11000213721,1209 HOLLINS ST,2851.79,2745.4,2851.79,Tue Jan 11 2022 00:00:00 GMT-0500 (Eastern Standard Time),Thu Dec 30 2021 00:00:00 GMT-0500 (Eastern Standard Time),Tue Nov 30 2021 00:00:00 GMT-0500 (Eastern Standard Time),Thu Apr 22 2021 00:00:00 GMT-0400 (Eastern Daylight Time),-100,106.39,Mon Jan 31 2022 00:00:00 GMT-0500 (Eastern Standard Time),Thu Jan 13 2022 11:41:14 GMT-0500 (Eastern Standard Time)
11000255968,1224 W NORTH AVE,25679.83,25285.85,25679.83,Fri Jan 07 2022 00:00:00 GMT-0500 (Eastern Standard Time),Tue Dec 28 2021 00:00:00 GMT-0500 (Eastern Standard Time),Sun Nov 28 2021 00:00:00 GMT-0500 (Eastern Standard Time),Invalid Date,0,393.98,Thu Jan 27 2022 00:00:00 GMT-0500 (Eastern Standard Time),Thu Jan 13 2022 11:41:14 GMT-0500 (Eastern Standard Time)
11000186584,1211 VALLEY ST,1673.18,1635.55,1673.18,Wed Jan 05 2022 00:00:00 GMT-0500 (Eastern Standard Time),Sun Dec 26 2021 00:00:00 GMT-0500 (Eastern Standard Time),Thu Nov 25 2021 00:00:00 GMT-0500 (Eastern Standard Time),Mon Feb 04 2019 00:00:00 GMT-0500 (Eastern Standard Time),-1652.22,37.63,Tue Jan 25 2022 00:00:00 GMT-0500 (Eastern Standard Time),Thu Jan 13 2022 11:41:14 GMT-0500 (Eastern Standard Time)
11000235770,1224 GITTINGS AVE,114.59,50.74,114.59,Tue Dec 28 2021 00:00:00 GMT-0500 (Eastern Standard Time),Thu Dec 16 2021 00:00:00 GMT-0500 (Eastern Standard Time),Tue Nov 16 2021 00:00:00 GMT-0500 (Eastern Standard Time),Wed Nov 10 2021 00:00:00 GMT-0500 (Eastern Standard Time),-63.85,63.85,Mon Jan 17 2022 00:00:00 GMT-0500 (Eastern Standard Time),Thu Jan 13 2022 11:41:14 GMT-0500 (Eastern Standard Time)
11000217234,1209 EDMONDSON AVE,131.91,125.41,131.91,Thu Dec 30 2021 00:00:00 GMT-0500 (Eastern Standard Time),Invalid Date,Invalid Date,Invalid Date,0,6.5,Wed Jan 19 2022 00:00:00 GMT-0500 (Eastern Standard Time),Thu Jan 13 2022 11:41:15 GMT-0500 (Eastern Standard Time)
11000354565,1210 E EAGER ST,2854.17,2803.43,2854.17,Wed Jan 05 2022 00:00:00 GMT-0500 (Eastern Standard Time),Sun Dec 26 2021 00:00:00 GMT-0500 (Eastern Standard Time),Fri Nov 26 2021 00:00:00 GMT-0500 (Eastern Standard Time),Thu Mar 05 2020 00:00:00 GMT-0500 (Eastern Standard Time),-400,50.74,Tue Jan 25 2022 00:00:00 GMT-0500 (Eastern Standard Time),Thu Jan 13 2022 11:41:15 GMT-0500 (Eastern Standard Time)
11000366640,1229 N CURLEY ST,412.72,296.43,412.72,Wed Jan 05 2022 00:00:00 GMT-0500 (Eastern Standard Time),Sun Dec 26 2021 00:00:00 GMT-0500 (Eastern Standard Time),Fri Nov 26 2021 00:00:00 GMT-0500 (Eastern Standard Time),Fri Sep 24 2021 00:00:00 GMT-0400 (Eastern Daylight Time),-1102.08,116.29,Tue Jan 25 2022 00:00:00 GMT-0500 (Eastern Standard Time),Thu Jan 13 2022 11:41:15 GMT-0500 (Eastern Standard Time)
11000331704,1216 N MILTON AVE,1445.71,1441.38,1445.71,Tue Dec 21 2021 00:00:00 GMT-0500 (Eastern Standard Time),Invalid Date,Invalid Date,Invalid Date,0,4.33,Mon Jan 10 2022 00:00:00 GMT-0500 (Eastern Standard Time),Thu Jan 13 2022 11:41:15 GMT-0500 (Eastern Standard Time)
11000153663,1213 MYRTLE AVE,303.79,251.34,52.45,Fri Jan 07 2022 00:00:00 GMT-0500 (Eastern Standard Time),Tue Dec 28 2021 00:00:00 GMT-0500 (Eastern Standard Time),Sun Nov 28 2021 00:00:00 GMT-0500 (Eastern Standard Time),Fri Jan 07 2022 00:00:00 GMT-0500 (Eastern Standard Time),-251.34,-198.89,Thu Jan 27 2022 00:00:00 GMT-0500 (Eastern Standard Time),Thu Jan 13 2022 11:41:15 GMT-0500 (Eastern Standard Time)
11000233840,1219 GLENWOOD AVE,315.58,170.9,140.58,Tue Dec 28 2021 00:00:00 GMT-0500 (Eastern Standard Time),Wed Dec 15 2021 00:00:00 GMT-0500 (Eastern Standard Time),Mon Nov 15 2021 00:00:00 GMT-0500 (Eastern Standard Time),Tue Jan 04 2022 00:00:00 GMT-0500 (Eastern Standard Time),-175,-30.32,Mon Jan 17 2022 00:00:00 GMT-0500 (Eastern Standard Time),Thu Jan 13 2022 11:41:15 GMT-0500 (Eastern Standard Time)
11000359707,1229 W LAFAYETTE AVE,659.56,619.76,659.56,Fri Jan 07 2022 00:00:00 GMT-0500 (Eastern Standard Time),Tue Dec 28 2021 00:00:00 GMT-0500 (Eastern Standard Time),Sun Nov 28 2021 00:00:00 GMT-0500 (Eastern Standard Time),Mon Sep 20 2021 00:00:00 GMT-0400 (Eastern Daylight Time),-598,39.8,Thu Jan 27 2022 00:00:00 GMT-0500 (Eastern Standard Time),Thu Jan 13 2022 11:41:15 GMT-0500 (Eastern Standard Time)
11000257906,1217-23 HARFORD AVE,123.5,0,123.5,Wed Jan 12 2022 00:00:00 GMT-0500 (Eastern Standard Time),Invalid Date,Invalid Date,Thu Jan 06 2022 00:00:00 GMT-0500 (Eastern Standard Time),-123.5,123.5,Tue Feb 01 2022 00:00:00 GMT-0500 (Eastern Standard Time),Thu Jan 13 2022 11:41:15 GMT-0500 (Eastern Standard Time)
11000175042,1217 E 35TH ST,4208.4,4135.27,4208.4,Mon Dec 27 2021 00:00:00 GMT-0500 (Eastern Standard Time),Tue Dec 14 2021 00:00:00 GMT-0500 (Eastern Standard Time),Thu Nov 11 2021 00:00:00 GMT-0500 (Eastern Standard Time),Mon May 24 2021 00:00:00 GMT-0400 (Eastern Daylight Time),-90.78,73.13,Sun Jan 16 2022 00:00:00 GMT-0500 (Eastern Standard Time),Thu Jan 13 2022 11:41:15 GMT-0500 (Eastern Standard Time)
11000234329,1216 WOODBOURNE AVE,39.8,0,39.8,Tue Dec 28 2021 00:00:00 GMT-0500 (Eastern Standard Time),Mon Dec 20 2021 00:00:00 GMT-0500 (Eastern Standard Time),Sun Nov 21 2021 00:00:00 GMT-0500 (Eastern Standard Time),Tue Dec 07 2021 00:00:00 GMT-0500 (Eastern Standard Time),-552.13,39.8,Mon Jan 17 2022 00:00:00 GMT-0500 (Eastern Standard Time),Thu Jan 13 2022 11:41:15 GMT-0500 (Eastern Standard Time)
11000235775,1214 GITTINGS AVE,92.24,0,92.24,Tue Dec 28 2021 00:00:00 GMT-0500 (Eastern Standard Time),Thu Dec 16 2021 00:00:00 GMT-0500 (Eastern Standard Time),Tue Nov 16 2021 00:00:00 GMT-0500 (Eastern Standard Time),Tue Dec 21 2021 00:00:00 GMT-0500 (Eastern Standard Time),-210.7,92.24,Mon Jan 17 2022 00:00:00 GMT-0500 (Eastern Standard Time),Thu Jan 13 2022 11:41:15 GMT-0500 (Eastern Standard Time)
11000359685,1226 W MOSHER ST,1054.67,1054.67,1054.67,Wed Jan 12 2022 00:00:00 GMT-0500 (Eastern Standard Time),Invalid Date,Invalid Date,Invalid Date,0,0,Tue Feb 01 2022 00:00:00 GMT-0500 (Eastern Standard Time),Thu Jan 13 2022 11:41:15 GMT-0500 (Eastern Standard Time)
11000366254,1220 E FEDERAL ST,316.76,312.43,316.76,Tue Jan 11 2022 00:00:00 GMT-0500 (Eastern Standard Time),Invalid Date,Invalid Date,Invalid Date,0,4.33,Mon Jan 31 2022 00:00:00 GMT-0500 (Eastern Standard Time),Thu Jan 13 2022 11:41:15 GMT-0500 (Eastern Standard Time)
11000331667,1219 N LUZERNE AVE,972.48,937.68,972.48,Mon Jan 03 2022 00:00:00 GMT-0500 (Eastern Standard Time),Invalid Date,Invalid Date,Mon May 18 2020 00:00:00 GMT-0400 (Eastern Daylight Time),-80,34.8,Sun Jan 23 2022 00:00:00 GMT-0500 (Eastern Standard Time),Thu Jan 13 2022 11:41:15 GMT-0500 (Eastern Standard Time)
11000286021,1221 N EDEN ST,115.18,75.38,115.18,Wed Jan 05 2022 00:00:00 GMT-0500 (Eastern Standard Time),Sun Dec 26 2021 00:00:00 GMT-0500 (Eastern Standard Time),Fri Nov 26 2021 00:00:00 GMT-0500 (Eastern Standard Time),Wed Apr 28 2021 00:00:00 GMT-0400 (Eastern Daylight Time),-882.58,39.8,Tue Jan 25 2022 00:00:00 GMT-0500 (Eastern Standard Time),Thu Jan 13 2022 11:41:15 GMT-0500 (Eastern Standard Time)
11000188304,1208 E LAFAYETTE AVE,167.45,163.12,167.45,Tue Jan 11 2022 00:00:00 GMT-0500 (Eastern Standard Time),Invalid Date,Invalid Date,Invalid Date,0,4.33,Mon Jan 31 2022 00:00:00 GMT-0500 (Eastern Standard Time),Thu Jan 13 2022 11:41:15 GMT-0500 (Eastern Standard Time)
11000190340,1226 EDISON HWY,11345.47,10859.93,11345.47,Wed Jan 05 2022 00:00:00 GMT-0500 (Eastern Standard Time),Sun Dec 26 2021 00:00:00 GMT-0500 (Eastern Standard Time),Fri Nov 26 2021 00:00:00 GMT-0500 (Eastern Standard Time),Fri May 18 2018 00:00:00 GMT-0400 (Eastern Daylight Time),-130.82,485.54,Tue Jan 25 2022 00:00:00 GMT-0500 (Eastern Standard Time),Thu Jan 13 2022 11:41:15 GMT-0500 (Eastern Standard Time)
11000234333,1208 WOODBOURNE AVE,328.69,170.9,328.69,Tue Dec 28 2021 00:00:00 GMT-0500 (Eastern Standard Time),Thu Dec 16 2021 00:00:00 GMT-0500 (Eastern Standard Time),Tue Nov 16 2021 00:00:00 GMT-0500 (Eastern Standard Time),Tue Dec 07 2021 00:00:00 GMT-0500 (Eastern Standard Time),-170.9,157.79,Mon Jan 17 2022 00:00:00 GMT-0500 (Eastern Standard Time),Thu Jan 13 2022 11:41:15 GMT-0500 (Eastern Standard Time)
11000188197,1209 E OLIVER ST,572.53,493.4,572.53,Wed Jan 05 2022 00:00:00 GMT-0500 (Eastern Standard Time),Sun Dec 26 2021 00:00:00 GMT-0500 (Eastern Standard Time),Fri Nov 26 2021 00:00:00 GMT-0500 (Eastern Standard Time),Fri Jun 25 2021 00:00:00 GMT-0400 (Eastern Daylight Time),-194.34,79.13,Tue Jan 25 2022 00:00:00 GMT-0500 (Eastern Standard Time),Thu Jan 13 2022 11:41:15 GMT-0500 (Eastern Standard Time)
11000262353,1226 OAKHURST PL,346.86,307.06,346.86,Thu Dec 16 2021 00:00:00 GMT-0500 (Eastern Standard Time),Mon Dec 06 2021 00:00:00 GMT-0500 (Eastern Standard Time),Sat Nov 06 2021 00:00:00 GMT-0400 (Eastern Daylight Time),Tue Jun 15 2021 00:00:00 GMT-0400 (Eastern Daylight Time),-1183.56,39.8,Wed Jan 05 2022 00:00:00 GMT-0500 (Eastern Standard Time),Thu Jan 13 2022 11:41:15 GMT-0500 (Eastern Standard Time)
11000246811,1215 W LOMBARD ST,116.29,0,116.29,Tue Jan 11 2022 00:00:00 GMT-0500 (Eastern Standard Time),Thu Dec 30 2021 00:00:00 GMT-0500 (Eastern Standard Time),Tue Nov 30 2021 00:00:00 GMT-0500 (Eastern Standard Time),Wed Dec 22 2021 00:00:00 GMT-0500 (Eastern Standard Time),-116.29,116.29,Mon Jan 31 2022 00:00:00 GMT-0500 (Eastern Standard Time),Thu Jan 13 2022 11:41:18 GMT-0500 (Eastern Standard Time)
11000246840,1218 W PRATT ST,-70.76,-110.56,-70.76,Tue Jan 11 2022 00:00:00 GMT-0500 (Eastern Standard Time),Thu Dec 30 2021 00:00:00 GMT-0500 (Eastern Standard Time),Tue Nov 30 2021 00:00:00 GMT-0500 (Eastern Standard Time),Fri Nov 19 2021 00:00:00 GMT-0500 (Eastern Standard Time),-229.96,39.8,Mon Jan 31 2022 00:00:00 GMT-0500 (Eastern Standard Time),Thu Jan 13 2022 11:41:18 GMT-0500 (Eastern Standard Time)
11000186463,1231 E PRESTON ST,31909.85,31824.68,31909.85,Wed Jan 05 2022 00:00:00 GMT-0500 (Eastern Standard Time),Sat Dec 25 2021 00:00:00 GMT-0500 (Eastern Standard Time),Fri Nov 26 2021 00:00:00 GMT-0500 (Eastern Standard Time),Invalid Date,0,85.17,Tue Jan 25 2022 00:00:00 GMT-0500 (Eastern Standard Time),Thu Jan 13 2022 11:41:18 GMT-0500 (Eastern Standard Time)
11000332052,1209 N MONTFORD AVE,1347.12,1342.79,1347.12,Tue Jan 11 2022 00:00:00 GMT-0500 (Eastern Standard Time),Invalid Date,Invalid Date,Invalid Date,0,4.33,Mon Jan 31 2022 00:00:00 GMT-0500 (Eastern Standard Time),Thu Jan 13 2022 11:41:23 GMT-0500 (Eastern Standard Time)
11000203822,1226 MARSHALL ST,37.63,0,37.63,Wed Jan 12 2022 00:00:00 GMT-0500 (Eastern Standard Time),Sun Jan 02 2022 00:00:00 GMT-0500 (Eastern Standard Time),Thu Dec 02 2021 00:00:00 GMT-0500 (Eastern Standard Time),Thu Dec 30 2021 00:00:00 GMT-0500 (Eastern Standard Time),-50.74,37.63,Tue Feb 01 2022 00:00:00 GMT-0500 (Eastern Standard Time),Thu Jan 13 2022 11:41:23 GMT-0500 (Eastern Standard Time)
11000286029,1210 N EDEN ST,432.67,426.17,432.67,Fri Jan 07 2022 00:00:00 GMT-0500 (Eastern Standard Time),Invalid Date,Invalid Date,Invalid Date,0,6.5,Thu Jan 27 2022 00:00:00 GMT-0500 (Eastern Standard Time),Thu Jan 13 2022 11:41:23 GMT-0500 (Eastern Standard Time)
11000362451,1216 W LANVALE ST,430.96,426.63,430.96,Wed Jan 12 2022 00:00:00 GMT-0500 (Eastern Standard Time),Invalid Date,Invalid Date,Invalid Date,0,4.33,Tue Feb 01 2022 00:00:00 GMT-0500 (Eastern Standard Time),Thu Jan 13 2022 11:41:23 GMT-0500 (Eastern Standard Time)
11000155522,1214 W NORTH AVE,512.15,505.65,512.15,Fri Jan 07 2022 00:00:00 GMT-0500 (Eastern Standard Time),Invalid Date,Invalid Date,Invalid Date,0,6.5,Thu Jan 27 2022 00:00:00 GMT-0500 (Eastern Standard Time),Thu Jan 13 2022 11:41:23 GMT-0500 (Eastern Standard Time)
11000285782,1210 E LAFAYETTE AVE,285.92,279.42,285.92,Wed Jan 05 2022 00:00:00 GMT-0500 (Eastern Standard Time),Invalid Date,Invalid Date,Invalid Date,0,6.5,Tue Jan 25 2022 00:00:00 GMT-0500 (Eastern Standard Time),Thu Jan 13 2022 11:41:23 GMT-0500 (Eastern Standard Time)
11000322965,1217 UNION AVE,10831.04,10712.58,10831.04,Wed Dec 22 2021 00:00:00 GMT-0500 (Eastern Standard Time),Sun Dec 12 2021 00:00:00 GMT-0500 (Eastern Standard Time),Fri Nov 12 2021 00:00:00 GMT-0500 (Eastern Standard Time),Fri Mar 08 2019 00:00:00 GMT-0500 (Eastern Standard Time),-1000,118.46,Tue Jan 11 2022 00:00:00 GMT-0500 (Eastern Standard Time),Thu Jan 13 2022 11:41:23 GMT-0500 (Eastern Standard Time)
11000188134,1225 ENSOR ST,260.18,253.68,260.18,Tue Jan 11 2022 00:00:00 GMT-0500 (Eastern Standard Time),Invalid Date,Invalid Date,Invalid Date,0,6.5,Mon Jan 31 2022 00:00:00 GMT-0500 (Eastern Standard Time),Thu Jan 13 2022 11:41:23 GMT-0500 (Eastern Standard Time)
11000206525,1229 HULL ST,513.53,448.08,513.53,Wed Jan 12 2022 00:00:00 GMT-0500 (Eastern Standard Time),Sun Jan 02 2022 00:00:00 GMT-0500 (Eastern Standard Time),Thu Dec 02 2021 00:00:00 GMT-0500 (Eastern Standard Time),Fri Jun 18 2021 00:00:00 GMT-0400 (Eastern Daylight Time),-3348.94,65.45,Tue Feb 01 2022 00:00:00 GMT-0500 (Eastern Standard Time),Thu Jan 13 2022 11:41:23 GMT-0500 (Eastern Standard Time)
11000218182,1230 W LANVALE ST,622.52,616.02,622.52,Fri Jan 07 2022 00:00:00 GMT-0500 (Eastern Standard Time),Invalid Date,Invalid Date,Invalid Date,0,6.5,Thu Jan 27 2022 00:00:00 GMT-0500 (Eastern Standard Time),Thu Jan 13 2022 11:41:23 GMT-0500 (Eastern Standard Time)
11000409390,1221 N STRICKER ST,4767.54,4597.26,4767.54,Tue Jan 11 2022 00:00:00 GMT-0500 (Eastern Standard Time),Thu Dec 30 2021 00:00:00 GMT-0500 (Eastern Standard Time),Tue Nov 30 2021 00:00:00 GMT-0500 (Eastern Standard Time),Fri Oct 09 2020 00:00:00 GMT-0400 (Eastern Daylight Time),-100,170.28,Mon Jan 31 2022 00:00:00 GMT-0500 (Eastern Standard Time),Thu Jan 13 2022 11:41:24 GMT-0500 (Eastern Standard Time)
11000235587,1226 MERIDENE DR,4221.1,4155.08,4221.1,Tue Dec 28 2021 00:00:00 GMT-0500 (Eastern Standard Time),Thu Dec 16 2021 00:00:00 GMT-0500 (Eastern Standard Time),Tue Nov 16 2021 00:00:00 GMT-0500 (Eastern Standard Time),Fri Jun 08 2018 00:00:00 GMT-0400 (Eastern Daylight Time),-697.96,66.02,Mon Jan 17 2022 00:00:00 GMT-0500 (Eastern Standard Time),Thu Jan 13 2022 11:41:24 GMT-0500 (Eastern Standard Time)
11000331944,1221 N DECKER AVE,1437.84,1398.04,1437.84,Wed Jan 05 2022 00:00:00 GMT-0500 (Eastern Standard Time),Wed Dec 29 2021 00:00:00 GMT-0500 (Eastern Standard Time),Tue Nov 30 2021 00:00:00 GMT-0500 (Eastern Standard Time),Mon Sep 30 2019 00:00:00 GMT-0400 (Eastern Daylight Time),-1340.87,39.8,Tue Jan 25 2022 00:00:00 GMT-0500 (Eastern Standard Time),Thu Jan 13 2022 11:41:24 GMT-0500 (Eastern Standard Time)
11000218171,1219 W LANVALE ST,604.69,598.19,604.69,Fri Jan 07 2022 00:00:00 GMT-0500 (Eastern Standard Time),Invalid Date,Invalid Date,Invalid Date,0,6.5,Thu Jan 27 2022 00:00:00 GMT-0500 (Eastern Standard Time),Thu Jan 13 2022 11:41:24 GMT-0500 (Eastern Standard Time)
11000246160,1208 TOWSON ST,127.7,63.85,127.7,Wed Jan 12 2022 00:00:00 GMT-0500 (Eastern Standard Time),Sun Jan 02 2022 00:00:00 GMT-0500 (Eastern Standard Time),Thu Dec 02 2021 00:00:00 GMT-0500 (Eastern Standard Time),Tue Nov 23 2021 00:00:00 GMT-0500 (Eastern Standard Time),-63.85,63.85,Tue Feb 01 2022 00:00:00 GMT-0500 (Eastern Standard Time),Thu Jan 13 2022 11:41:24 GMT-0500 (Eastern Standard Time)
11000246958,1214 W CROSS ST,171.84,132.04,171.84,Tue Jan 11 2022 00:00:00 GMT-0500 (Eastern Standard Time),Thu Dec 30 2021 00:00:00 GMT-0500 (Eastern Standard Time),Tue Nov 30 2021 00:00:00 GMT-0500 (Eastern Standard Time),Thu Jan 06 2022 00:00:00 GMT-0500 (Eastern Standard Time),-79.13,39.8,Mon Jan 31 2022 00:00:00 GMT-0500 (Eastern Standard Time),Thu Jan 13 2022 11:41:24 GMT-0500 (Eastern Standard Time)
11000381554,1221 E OLIVER ST,8228.41,8136.17,8228.41,Wed Jan 05 2022 00:00:00 GMT-0500 (Eastern Standard Time),Sun Dec 26 2021 00:00:00 GMT-0500 (Eastern Standard Time),Fri Nov 26 2021 00:00:00 GMT-0500 (Eastern Standard Time),Thu Jun 01 2017 00:00:00 GMT-0400 (Eastern Daylight Time),-3396.04,92.24,Tue Jan 25 2022 00:00:00 GMT-0500 (Eastern Standard Time),Thu Jan 13 2022 11:41:24 GMT-0500 (Eastern Standard Time)
11000247304,1213 W CROSS ST,-16.59,-23.09,-16.59,Fri Jan 07 2022 00:00:00 GMT-0500 (Eastern Standard Time),Invalid Date,Invalid Date,Tue Nov 30 2021 00:00:00 GMT-0500 (Eastern Standard Time),-25,6.5,Thu Jan 27 2022 00:00:00 GMT-0500 (Eastern Standard Time),Thu Jan 13 2022 11:41:24 GMT-0500 (Eastern Standard Time)
11000384111,1218 W LANVALE ST,-87.11,-124.74,-87.11,Fri Jan 07 2022 00:00:00 GMT-0500 (Eastern Standard Time),Tue Dec 28 2021 00:00:00 GMT-0500 (Eastern Standard Time),Sun Nov 28 2021 00:00:00 GMT-0500 (Eastern Standard Time),Fri Nov 19 2021 00:00:00 GMT-0500 (Eastern Standard Time),-1573.12,37.63,Thu Jan 27 2022 00:00:00 GMT-0500 (Eastern Standard Time),Thu Jan 13 2022 11:41:24 GMT-0500 (Eastern Standard Time)
11000366636,1230 N CURLEY ST,2497.47,2457.67,2497.47,Wed Jan 05 2022 00:00:00 GMT-0500 (Eastern Standard Time),Sun Dec 26 2021 00:00:00 GMT-0500 (Eastern Standard Time),Fri Nov 26 2021 00:00:00 GMT-0500 (Eastern Standard Time),Invalid Date,0,39.8,Tue Jan 25 2022 00:00:00 GMT-0500 (Eastern Standard Time),Thu Jan 13 2022 11:41:24 GMT-0500 (Eastern Standard Time)
11000334597,1215 DUNDALK AVE,66.02,0,66.02,Mon Jan 03 2022 00:00:00 GMT-0500 (Eastern Standard Time),Wed Dec 22 2021 00:00:00 GMT-0500 (Eastern Standard Time),Mon Nov 22 2021 00:00:00 GMT-0500 (Eastern Standard Time),Tue Dec 14 2021 00:00:00 GMT-0500 (Eastern Standard Time),-372.18,66.02,Sun Jan 23 2022 00:00:00 GMT-0500 (Eastern Standard Time),Thu Jan 13 2022 11:41:24 GMT-0500 (Eastern Standard Time)
11000377586,1212 W FRANKLIN ST,1118.3,1129.07,1118.3,Wed Oct 09 2019 00:00:00 GMT-0400 (Eastern Daylight Time),Invalid Date,Invalid Date,Invalid Date,0,-10.77,Tue Oct 29 2019 00:00:00 GMT-0400 (Eastern Daylight Time),Thu Jan 13 2022 11:41:24 GMT-0500 (Eastern Standard Time)
11000449507,1221 KEY HWY,0,3273.41,0,Wed Jul 05 2017 00:00:00 GMT-0400 (Eastern Daylight Time),Invalid Date,Invalid Date,Invalid Date,0,-3273.41,Tue Jul 25 2017 00:00:00 GMT-0400 (Eastern Daylight Time),Thu Jan 13 2022 11:41:24 GMT-0500 (Eastern Standard Time)
11000234265,1217 COCHRAN AVE,132.92,0,132.92,Tue Dec 28 2021 00:00:00 GMT-0500 (Eastern Standard Time),Thu Dec 16 2021 00:00:00 GMT-0500 (Eastern Standard Time),Mon Nov 15 2021 00:00:00 GMT-0500 (Eastern Standard Time),Wed Dec 08 2021 00:00:00 GMT-0500 (Eastern Standard Time),-117.97,132.92,Mon Jan 17 2022 00:00:00 GMT-0500 (Eastern Standard Time),Thu Jan 13 2022 11:41:24 GMT-0500 (Eastern Standard Time)
